{
   "ACC":{
      "city":"Accra",
      "country":"GH",
      "lat":5.6051898003,
      "lon":-0.1667860001
   },
   "ADL":{
      "city":"Adelaide",
      "country":"AU",
      "lat":-34.9449996948,
      "lon":138.5310058594
   },
   "AKL":{
      "city":"Auckland",
      "country":"NZ",
      "lat":-37.0080986023,
      "lon":174.7920074463
   },
   "ALA":{
      "city":"Almaty",
      "country":"KZ",
      "lat":43.3521003723,
      "lon":77.0404968262
   },
   "ALG":{
      "city":"Algiers",
      "country":"DZ",
      "lat":36.6910018921,
      "lon":3.2154099941
   },
   "AMD":{
      "city":"Ahmedabad",
      "country":"IN",
      "lat":23.0771999359,
      "lon":72.6346969604
   },
   "AMM":{
      "city":"Amman",
      "country":"JO",
      "lat":31.7226009369,
      "lon":35.9931983948
   },
   "AMS":{
      "city":"Amsterdam",
      "country":"NL",
      "lat":52.3086013794,
      "lon":4.7638897896
   },
   "AQG":{
      "city":"Anqing",
      "country":"CN",
      "lat":30.5821990967,
      "lon":117.0500030518
   },
   "ARI":{
      "city":"Arica",
      "country":"CL",
      "lat":-18.3484992981,
      "lon":-70.3386993408
   },
   "ARN":{
      "city":"Stockholm",
      "country":"SE",
      "lat":59.6519012451,
      "lon":17.9186000824
   },
   "ASU":{
      "city":"Asuncion",
      "country":"PY",
      "lat":-25.2399997711,
      "lon":-57.5200004578
   },
   "ATH":{
      "city":"Athens",
      "country":"GR",
      "lat":37.9364013672,
      "lon":23.9444999695
   },
   "ATL":{
      "city":"Atlanta",
      "country":"US",
      "lat":33.6366996765,
      "lon":-84.4281005859
   },
   "BAH":{
      "city":"Manama",
      "country":"BH",
      "lat":26.2707996368,
      "lon":50.6335983276
   },
   "BBI":{
      "city":"Bhubaneswar",
      "country":"IN",
      "lat":20.2444000244,
      "lon":85.8178024292
   },
   "BCN":{
      "city":"Barcelona",
      "country":"ES",
      "lat":41.2971000671,
      "lon":2.0784599781
   },
   "BEG":{
      "city":"Belgrad",
      "country":"RS",
      "lat":44.8184013367,
      "lon":20.3090991974
   },
   "BEL":{
      "city":"Belem",
      "country":"BR",
      "lat":-1.3792500496,
      "lon":-48.4762992859
   },
   "BEY":{
      "city":"Beirut",
      "country":"LB",
      "lat":33.8208999634,
      "lon":35.4883995056
   },
   "BGW":{
      "city":"Baghdad",
      "country":"IQ",
      "lat":33.2625007629,
      "lon":44.2346000671
   },
   "BKK":{
      "city":"Bangkok",
      "country":"TH",
      "lat":13.6810998917,
      "lon":100.7470016479
   },
   "BLR":{
      "city":"Bangalore",
      "country":"IN",
      "lat":13.1978998184,
      "lon":77.7062988281
   },
   "BNE":{
      "city":"Brisbane",
      "country":"AU",
      "lat":-27.3841991425,
      "lon":153.1170043945
   },
   "BNU":{
      "city":"Blumenau",
      "country":"BR",
      "lat":-26.8306007385,
      "lon":-49.0903015137
   },
   "BOG":{
      "city":"Bogota",
      "country":"CO",
      "lat":4.70159,
      "lon":-74.1469
   },
   "BOM":{
      "city":"Mumbai",
      "country":"IN",
      "lat":19.0886993408,
      "lon":72.8678970337
   },
   "BOS":{
      "city":"Boston",
      "country":"US",
      "lat":42.36429977,
      "lon":-71.00520325
   },
   "BRU":{
      "city":"Brussels",
      "country":"BE",
      "lat":50.9014015198,
      "lon":4.4844398499
   },
   "BSB":{
      "city":"Brasilia",
      "country":"BR",
      "lat":-15.8691673279,
      "lon":-47.9208335876
   },
   "BTS":{
      "city":"Bratislava",
      "country":"SK",
      "lat":48.1702003479,
      "lon":17.2126998901
   },
   "BUD":{
      "city":"Budapest",
      "country":"HU",
      "lat":47.4369010925,
      "lon":19.2555999756
   },
   "BUF":{
      "city":"Buffalo",
      "country":"US",
      "lat":42.94049835,
      "lon":-78.73220062
   },
   "BWN":{
      "city":"Bandar Seri Begawan",
      "country":"BN",
      "lat":4.9442000389,
      "lon":114.9280014038
   },
   "CAN":{
      "city":"Guangzhou",
      "country":"CN",
      "lat":23.3924007416,
      "lon":113.2990036011
   },
   "CBR":{
      "city":"Canberra",
      "country":"AU",
      "lat":-35.3069000244,
      "lon":149.1950073242
   },
   "CCP":{
      "city":"Concepcion",
      "country":"CL",
      "lat":-36.7727012634,
      "lon":-73.0631027222
   },
   "CCU":{
      "city":"Kolkata",
      "country":"IN",
      "lat":22.6546993256,
      "lon":88.4467010498
   },
   "CDG":{
      "city":"Paris",
      "country":"FR",
      "lat":49.0127983093,
      "lon":2.5499999523
   },
   "CEB":{
      "city":"Lapu-Lapu City",
      "country":"PH",
      "lat":10.3074998856,
      "lon":123.9789962769
   },
   "CFC":{
      "city":"Caçador",
      "country":"BR",
      "lat":-26.775490,
      "lon":-51.015339
   },
   "CGB":{
      "city":"Cuiaba",
      "country":"BR",
      "lat":-15.6528997421,
      "lon":-56.1166992188
   },
   "CGD":{
      "city":"Changde",
      "country":"CN",
      "lat":28.9188995361,
      "lon":111.63999939
   },
   "CGK":{
      "city":"Jakarta",
      "country":"ID",
      "lat":-6.1255698204,
      "lon":106.65599823
   },
   "CGO":{
      "city":"Zhengzhou",
      "country":"CN",
      "lat":34.5196990967,
      "lon":113.841003418
   },
   "CGP":{
      "city":"Chittagong",
      "country":"BD",
      "lat":22.2495994568,
      "lon":91.8133010864
   },
   "CGQ":{
      "city":"Changchun",
      "country":"CN",
      "lat":43.9962005615,
      "lon":125.684997559
   },
   "CGY":{
      "city":"Cagayan De Oro City",
      "country":"PH",
      "lat":8.4156198502,
      "lon":124.611000061
   },
   "CHC":{
      "city":"Christchurch",
      "country":"NZ",
      "lat":-43.4893989563,
      "lon":172.5319976807
   },
   "CLT":{
      "city":"Charlotte",
      "country":"US",
      "lat":35.2140007019,
      "lon":-80.9430999756
   },
   "CMB":{
      "city":"Colombo",
      "country":"LK",
      "lat":7.1807599068,
      "lon":79.8841018677
   },
   "CMH":{
      "city":"Columbus",
      "country":"US",
      "lat":39.9980010986,
      "lon":-82.8918991089
   },
   "CMN":{
      "city":"Casablanca",
      "country":"MA",
      "lat":33.3675003052,
      "lon":-7.5899701118
   },
   "CNF":{
      "city":"Belo Horizonte",
      "country":"BR",
      "lat":-19.6244430542,
      "lon":-43.9719429016
   },
   "CNX":{
      "city":"Chiang Mai",
      "country":"TH",
      "lat":18.7667999268,
      "lon":98.962600708
   },
   "COR":{
      "city":"Cordoba",
      "country":"AR",
      "lat":-31.323600769,
      "lon":-64.2080001831
   },
   "CPH":{
      "city":"Copenhagen",
      "country":"DK",
      "lat":55.6179008484,
      "lon":12.6560001373
   },
   "CPT":{
      "city":"Cape Town",
      "country":"ZA",
      "lat":-33.9648017883,
      "lon":18.6016998291
   },
   "CUR":{
      "city":"Willemstad",
      "country":"CW",
      "lat":12.1888999939,
      "lon":-68.9598007202
   },
   "CWB":{
      "city":"Curitiba",
      "country":"BR",
      "lat":-25.5284996033,
      "lon":-49.1758003235
   },
   "DAC":{
      "city":"Dhaka",
      "country":"BD",
      "lat":23.843347,
      "lon":90.397783
   },
   "DAR":{
      "city":"Dar es Salaam",
      "country":"TZ",
      "lat":-6.8781099319,
      "lon":39.2025985718
   },
   "DEL":{
      "city":"New Delhi",
      "country":"IN",
      "lat":28.5664997101,
      "lon":77.1031036377
   },
   "DEN":{
      "city":"Denver",
      "country":"US",
      "lat":39.8616981506,
      "lon":-104.672996521
   },
   "DFW":{
      "city":"Dallas-Fort Worth",
      "country":"US",
      "lat":32.8968009949,
      "lon":-97.0380020142
   },
   "DKR":{
      "city":"Dakar",
      "country":"SN",
      "lat":14.7397003174,
      "lon":-17.4902000427
   },
   "DLC":{
      "city":"Dalian",
      "country":"CN",
      "lat":38.9656982422,
      "lon":121.5390014648
   },
   "DME":{
      "city":"Moscow",
      "country":"RU",
      "lat":55.4087982178,
      "lon":37.9062995911
   },
   "DMM":{
      "city":"Ad Dammam",
      "country":"SA",
      "lat":26.471200943,
      "lon":49.7979011536
   },
   "DOH":{
      "city":"Doha",
      "country":"QA",
      "lat":25.2605946,
      "lon":51.6137665
   },
   "DTW":{
      "city":"Detroit",
      "country":"US",
      "lat":42.2123985291,
      "lon":-83.3534011841
   },
   "DUB":{
      "city":"Dublin",
      "country":"IE",
      "lat":53.4212989807,
      "lon":-6.270070076
   },
   "DUR":{
      "city":"Durban",
      "country":"ZA",
      "lat":-29.6144444444,
      "lon":31.1197222222
   },
   "DUS":{
      "city":"Dusseldorf",
      "country":"DE",
      "lat":51.2895011902,
      "lon":6.7667798996
   },
   "DXB":{
      "city":"Dubai",
      "country":"AE",
      "lat":25.2527999878,
      "lon":55.3643989563
   },
   "EBL":{
      "city":"Arbil",
      "country":"IQ",
      "lat":36.2375984192,
      "lon":43.9631996155
   },
   "EDI":{
      "city":"Edinburgh",
      "country":"GB",
      "lat":55.9500007629,
      "lon":-3.3724999428
   },
   "EVN":{
      "city":"Yerevan",
      "country":"AM",
      "lat":40.1473007202,
      "lon":44.3959007263
   },
   "EWR":{
      "city":"Newark",
      "country":"US",
      "lat":40.6925010681,
      "lon":-74.1687011719
   },
   "EZE":{
      "city":"Ezeiza",
      "country":"AR",
      "lat":-34.8222,
      "lon":-58.5358
   },
   "FCO":{
      "city":"Rome",
      "country":"IT",
      "lat":41.8045005798,
      "lon":12.2508001328
   },
   "FLN":{
      "city":"Florianopolis",
      "country":"BR",
      "lat":-27.6702785492,
      "lon":-48.5525016785
   },
   "FOC":{
      "city":"Fuzhou",
      "country":"CN",
      "lat":25.9351005554,
      "lon":119.6630020142
   },
   "FOR":{
      "city":"Fortaleza",
      "country":"BR",
      "lat":-3.7762799263,
      "lon":-38.5326004028
   },
   "FRA":{
      "city":"Frankfurt-am-Main",
      "country":"DE",
      "lat":50.0264015198,
      "lon":8.543129921
   },
   "FUO":{
      "city":"Foshan",
      "country":"CN",
      "lat":23.0832996368,
      "lon":113.069999695
   },
   "GBE":{
      "city":"Gaborone",
      "country":"BW",
      "lat":-24.5552005768,
      "lon":25.9181995392
   },
   "GEO":{
      "city":"Georgetown",
      "country":"GY",
      "lat":6.4985499382,
      "lon":-58.2541007996
   },
   "GIG":{
      "city":"Rio De Janeiro",
      "country":"BR",
      "lat":-22.8099994659,
      "lon":-43.2505569458
   },
   "GND":{
      "city":"Saint George's",
      "country":"GD",
      "lat":12.0041999817,
      "lon":-61.7862014771
   },
   "GOT":{
      "city":"Gothenburg",
      "country":"SE",
      "lat":57.6627998352,
      "lon":12.279800415
   },
   "GRU":{
      "city":"Sao Paulo",
      "country":"BR",
      "lat":-23.4355564117,
      "lon":-46.4730567932
   },
   "GUA":{
      "city":"Guatemala City",
      "country":"GT",
      "lat":14.5832996368,
      "lon":-90.5274963379
   },
   "GUM":{
      "city":"Hagatna",
      "country":"GU",
      "lat":13.4834003448,
      "lon":144.796005249
   },
   "GVA":{
      "city":"Geneva",
      "country":"CH",
      "lat":46.2380981445,
      "lon":6.1089501381
   },
   "GYD":{
      "city":"Baku",
      "country":"AZ",
      "lat":40.4674987793,
      "lon":50.0466995239
   },
   "GYE":{
      "city":"Guayaquil",
      "country":"EC",
      "lat":-2.15741992,
      "lon":-79.8835983276
   },
   "GYN":{
      "city":"Goiania",
      "country":"BR",
      "lat":-16.6319999695,
      "lon":-49.2206993103
   },
   "HAK":{
      "city":"Haikou",
      "country":"CN",
      "lat":19.9349002838,
      "lon":110.4589996338
   },
   "HAM":{
      "city":"Hamburg",
      "country":"DE",
      "lat":53.6304016113,
      "lon":9.9882297516
   },
   "HAN":{
      "city":"Hanoi",
      "country":"VN",
      "lat":21.221200943,
      "lon":105.8069992065
   },
   "HBA":{
      "city":"Hobart",
      "country":"AU",
      "lat":-42.836101532,
      "lon":147.509994507
   },
   "HEL":{
      "city":"Helsinki",
      "country":"FI",
      "lat":60.317199707,
      "lon":24.963300705
   },
   "HFA":{
      "city":"Haifa",
      "country":"IL",
      "lat":32.8093986511,
      "lon":35.0430984497
   },
   "HGH":{
      "city":"Hangzhou",
      "country":"CN",
      "lat":30.2294998169,
      "lon":120.4339981079
   },
   "HKG":{
      "city":"Hong Kong",
      "country":"HK",
      "lat":22.3089008331,
      "lon":113.915000916
   },
   "HNL":{
      "city":"Honolulu",
      "country":"US",
      "lat":21.3187007904,
      "lon":-157.9219970703
   },
   "HRE":{
      "city":"Harare",
      "country":"ZW",
      "lat":-17.9318008423,
      "lon":31.0928001404
   },
   "HYD":{
      "city":"Hyderabad",
      "country":"IN",
      "lat":17.2313175201,
      "lon":78.4298553467
   },
   "IAD":{
      "city":"Dulles",
      "country":"US",
      "lat":38.94449997,
      "lon":-77.45580292
   },
   "IAH":{
      "city":"Houston",
      "country":"US",
      "lat":29.9843997955,
      "lon":-95.3414001465
   },
   "ICN":{
      "city":"Seoul",
      "country":"KR",
      "lat":37.4691009521,
      "lon":126.4509963989
   },
   "IND":{
      "city":"Indianapolis",
      "country":"US",
      "lat":39.717300415,
      "lon":-86.2944030762
   },
   "ISB":{
      "city":"Islamabad",
      "country":"PK",
      "lat":33.5490833333333,
      "lon":72.82565
   },
   "IST":{
      "city":"Arnavutkoy",
      "country":"TR",
      "lat":41.262222,
      "lon":28.727778
   },
   "ITJ":{
      "city":"Itajaí",
      "country":"BR",
      "lat":-26.908340,
      "lon":-48.662609
   },
   "IXC":{
      "city":"Chandigarh",
      "country":"IN",
      "lat":30.673500061,
      "lon":76.7884979248
   },
   "JAX":{
      "city":"Jacksonville",
      "country":"US",
      "lat":30.4941005707,
      "lon":-81.6878967285
   },
   "JDO":{
      "city":"Juazeiro Do Norte",
      "country":"BR",
      "lat":-7.2189598084,
      "lon":-39.2700996399
   },
   "JED":{
      "city":"Jeddah",
      "country":"SA",
      "lat":21.679599762,
      "lon":39.15650177
   },
   "JHB":{
      "city":"Senai",
      "country":"MY",
      "lat":1.6413099766,
      "lon":103.6699981689
   },
   "JIB":{
      "city":"Djibouti City",
      "country":"DJ",
      "lat":11.5473003387,
      "lon":43.1595001221
   },
   "JNB":{
      "city":"Johannesburg",
      "country":"ZA",
      "lat":-26.133333,
      "lon":28.25
   },
   "JOG":{
      "city":"Yogyakarta-Java Island",
      "country":"ID",
      "lat":-7.7881798744,
      "lon":110.4319992065
   },
   "JOI":{
      "city":"Joinville",
      "country":"BR",
      "lat":-26.2245006561,
      "lon":-48.7974014282
   },
   "JSR":{
      "city":"Jashahor",
      "country":"BD",
      "lat":23.1837997437,
      "lon":89.1607971191
   },
   "KBP":{
      "city":"Kiev",
      "country":"UA",
      "lat":50.3450012207,
      "lon":30.8946990967
   },
   "KEF":{
      "city":"Reykjavik",
      "country":"IS",
      "lat":63.9850006104,
      "lon":-22.6056003571
   },
   "KGL":{
      "city":"Kigali",
      "country":"RW",
      "lat":-1.9686299563,
      "lon":30.1394996643
   },
   "KHI":{
      "city":"Karachi",
      "country":"PK",
      "lat":24.9064998627,
      "lon":67.1607971191
   },
   "KHN":{
      "city":"Nanchang",
      "country":"CN",
      "lat":28.8649997711,
      "lon":115.9000015259
   },
   "KHV":{
      "city":"Khabarovsk",
      "country":"RU",
      "lat":48.5279998779,
      "lon":135.18800354
   },
   "KIV":{
      "city":"Chisinau",
      "country":"MD",
      "lat":46.9277000427,
      "lon":28.9309997559
   },
   "KIX":{
      "city":"Osaka",
      "country":"JP",
      "lat":34.4272994995,
      "lon":135.2440032959
   },
   "KJA":{
      "city":"Krasnoyarsk",
      "country":"RU",
      "lat":56.1729011536,
      "lon":92.4933013916
   },
   "KLD":{
      "city":"Tver",
      "country":"RU",
      "lat":56.8246994019,
      "lon":35.7577018738
   },
   "KNU":{
      "city":"",
      "country":"IN",
      "lat":26.441400528,
      "lon":80.3648986816
   },
   "KTM":{
      "city":"Kathmandu",
      "country":"NP",
      "lat":27.6965999603,
      "lon":85.3591003418
   },
   "KUL":{
      "city":"Kuala Lumpur",
      "country":"MY",
      "lat":2.745579958,
      "lon":101.7099990845
   },
   "KWI":{
      "city":"Kuwait City",
      "country":"KW",
      "lat":29.226600647,
      "lon":47.9688987732
   },
   "LAD":{
      "city":"Luanda",
      "country":"AO",
      "lat":-8.8583698273,
      "lon":13.2312002182
   },
   "LAS":{
      "city":"Las Vegas",
      "country":"US",
      "lat":36.08010101,
      "lon":-115.1520004
   },
   "LAX":{
      "city":"Los Angeles",
      "country":"US",
      "lat":33.94250107,
      "lon":-118.4079971
   },
   "LCA":{
      "city":"Larnarca",
      "country":"CY",
      "lat":34.8750991821,
      "lon":33.6249008179
   },
   "LED":{
      "city":"St. Petersburg",
      "country":"RU",
      "lat":59.8003005981,
      "lon":30.2625007629
   },
   "LHE":{
      "city":"Lahore",
      "country":"PK",
      "lat":31.5216007233,
      "lon":74.4036026001
   },
   "LHR":{
      "city":"London",
      "country":"GB",
      "lat":51.4706001282,
      "lon":-0.4619410038
   },
   "LHW":{
      "city":"Lanzhou",
      "country":"CN",
      "lat":36.5152015686,
      "lon":103.620002747
   },
   "LIM":{
      "city":"Lima",
      "country":"PE",
      "lat":-12.021900177,
      "lon":-77.1143035889
   },
   "LIS":{
      "city":"Lisbon",
      "country":"PT",
      "lat":38.7812995911,
      "lon":-9.1359195709
   },
   "LLK":{
      "city":"Lankaran",
      "country":"AZ",
      "lat":38.7463989258,
      "lon":48.8180007935
   },
   "LOS":{
      "city":"Lagos",
      "country":"NG",
      "lat":6.5773701668,
      "lon":3.321160078
   },
   "LUX":{
      "city":"Luxembourg",
      "country":"LU",
      "lat":49.6265983582,
      "lon":6.211520195
   },
   "LYA":{
      "city":"Luoyang",
      "country":"CN",
      "lat":34.7411003113,
      "lon":112.388000488
   },
   "MAA":{
      "city":"Chennai",
      "country":"IN",
      "lat":12.9900054932,
      "lon":80.1692962646
   },
   "MAD":{
      "city":"Madrid",
      "country":"ES",
      "lat":40.4936,
      "lon":-3.56676
   },
   "MAN":{
      "city":"Manchester",
      "country":"GB",
      "lat":53.3536987305,
      "lon":-2.2749500275
   },
   "MAO":{
      "city":"Manaus",
      "country":"BR",
      "lat":-3.0386099815,
      "lon":-60.0497016907
   },
   "MBA":{
      "city":"Mombasa",
      "country":"KE",
      "lat":-4.0348300934,
      "lon":39.5942001343
   },
   "MCI":{
      "city":"Kansas City",
      "country":"US",
      "lat":39.2975997925,
      "lon":-94.7138977051
   },
   "MCT":{
      "city":"Muscat",
      "country":"OM",
      "lat":23.5932998657,
      "lon":58.2844009399
   },
   "MDE":{
      "city":"Rionegro",
      "country":"CO",
      "lat":6.16454,
      "lon":-75.4231
   },
   "MDL":{
      "city":"Mandalay",
      "country":"MM",
      "lat":21.7021999359,
      "lon":95.977897644
   },
   "MEL":{
      "city":"Melbourne",
      "country":"AU",
      "lat":-37.6733016968,
      "lon":144.8430023193
   },
   "MEM":{
      "city":"Memphis",
      "country":"US",
      "lat":35.0424003601,
      "lon":-89.9766998291
   },
   "MEX":{
      "city":"Mexico City",
      "country":"MX",
      "lat":19.4363002777,
      "lon":-99.0720977783
   },
   "MFE":{
      "city":"Mc Allen",
      "country":"US",
      "lat":26.17580032,
      "lon":-98.23860168
   },
   "MFM":{
      "city":"Taipa",
      "country":"MO",
      "lat":22.1495990753,
      "lon":113.5920028687
   },
   "MGM":{
      "city":"Montgomery",
      "country":"US",
      "lat":32.30059814,
      "lon":-86.39399719
   },
   "MIA":{
      "city":"Miami",
      "country":"US",
      "lat":25.7931995392,
      "lon":-80.2906036377
   },
   "MLE":{
      "city":"Male",
      "country":"MV",
      "lat":4.1918301582,
      "lon":73.5290985107
   },
   "MNL":{
      "city":"Manila",
      "country":"PH",
      "lat":14.508600235,
      "lon":121.019996643
   },
   "MPM":{
      "city":"Maputo",
      "country":"MZ",
      "lat":-25.9207992554,
      "lon":32.5726013184
   },
   "MRS":{
      "city":"Marseille",
      "country":"FR",
      "lat":43.439271922,
      "lon":5.2214241028
   },
   "MRU":{
      "city":"Port Louis",
      "country":"MU",
      "lat":-20.4302005768,
      "lon":57.6836013794
   },
   "MSP":{
      "city":"Minneapolis",
      "country":"US",
      "lat":44.8819999695,
      "lon":-93.2218017578
   },
   "MSQ":{
      "city":"Minsk",
      "country":"BY",
      "lat":53.8824996948,
      "lon":28.0307006836
   },
   "MUC":{
      "city":"Munich",
      "country":"DE",
      "lat":48.3538017273,
      "lon":11.7861003876
   },
   "MXP":{
      "city":"Milan",
      "country":"IT",
      "lat":45.6305999756,
      "lon":8.7281103134
   },
   "NAG":{
      "city":"Naqpur",
      "country":"IN",
      "lat":21.0921993256,
      "lon":79.047203064
   },
   "NBO":{
      "city":"Nairobi",
      "country":"KE",
      "lat":-1.319239974,
      "lon":36.9277992249
   },
   "NNG":{
      "city":"Nanning",
      "country":"CN",
      "lat":22.6082992554,
      "lon":108.1719970703
   },
   "NOU":{
      "city":"Noumea",
      "country":"NC",
      "lat":-22.0146007538,
      "lon":166.2129974365
   },
   "NQN":{
      "city":"Neuquen",
      "country":"AR",
      "lat":-38.9490013123,
      "lon":-68.1557006836
   },
   "NRT":{
      "city":"Tokyo",
      "country":"JP",
      "lat":35.7647018433,
      "lon":140.3860015869
   },
   "OKA":{
      "city":"Naha",
      "country":"JP",
      "lat":26.1958007812,
      "lon":127.646003723
   },
   "OMA":{
      "city":"Omaha",
      "country":"US",
      "lat":41.3031997681,
      "lon":-95.8940963745
   },
   "ORD":{
      "city":"Chicago",
      "country":"US",
      "lat":41.97859955,
      "lon":-87.90480042
   },
   "ORF":{
      "city":"Norfolk",
      "country":"US",
      "lat":36.8945999146,
      "lon":-76.2012023926
   },
   "ORK":{
      "city":"Cork",
      "country":"IE",
      "lat":51.8413009644,
      "lon":-8.491109848
   },
   "OSL":{
      "city":"Oslo",
      "country":"NO",
      "lat":60.193901062,
      "lon":11.100399971
   },
   "OTP":{
      "city":"Bucharest",
      "country":"RO",
      "lat":44.5722007751,
      "lon":26.1021995544
   },
   "OUA":{
      "city":"Ouagadougou",
      "country":"BF",
      "lat":12.3531999588,
      "lon":-1.5124200583
   },
   "PAP":{
      "city":"Port-au-Prince",
      "country":"HT",
      "lat":18.5799999237,
      "lon":-72.2925033569
   },
   "PAT":{
      "city":"Patna",
      "country":"IN",
      "lat":25.591299057,
      "lon":85.0879974365
   },
   "PBH":{
      "city":"Paro",
      "country":"BT",
      "lat":27.4032001495,
      "lon":89.4245986938
   },
   "PBM":{
      "city":"Zandery",
      "country":"SR",
      "lat":5.4528298378,
      "lon":-55.1878013611
   },
   "PDX":{
      "city":"Portland",
      "country":"US",
      "lat":45.58869934,
      "lon":-122.5979996
   },
   "PER":{
      "city":"Perth",
      "country":"AU",
      "lat":-31.9402999878,
      "lon":115.9670028687
   },
   "PHL":{
      "city":"Philadelphia",
      "country":"US",
      "lat":39.8718986511,
      "lon":-75.2410964966
   },
   "PHX":{
      "city":"Phoenix",
      "country":"US",
      "lat":33.434299469,
      "lon":-112.0120010376
   },
   "PIT":{
      "city":"Pittsburgh",
      "country":"US",
      "lat":40.49150085,
      "lon":-80.23290253
   },
   "PKX":{
      "city":"Langfang",
      "country":"CN",
      "lat":39.512611,
      "lon":116.677063
   },
   "PMO":{
      "city":"Palermo",
      "country":"IT",
      "lat":38.1759986877,
      "lon":13.0909996033
   },
   "PNH":{
      "city":"Phnom Penh",
      "country":"KH",
      "lat":11.5466003418,
      "lon":104.84400177
   },
   "POA":{
      "city":"Porto Alegre",
      "country":"BR",
      "lat":-29.9944000244,
      "lon":-51.1713981628
   },
   "PRG":{
      "city":"Prague",
      "country":"CZ",
      "lat":50.1007995605,
      "lon":14.2600002289
   },
   "PTY":{
      "city":"Tocumen",
      "country":"PA",
      "lat":9.0713596344,
      "lon":-79.3834991455
   },
   "QRO":{
      "city":"Queretaro",
      "country":"MX",
      "lat":20.6173000336,
      "lon":-100.185997009
   },
   "QWJ":{
      "city":"Americana",
      "country":"BR",
      "lat":-22.751070,
      "lon":-47.333260
   },
   "RAO":{
      "city":"Ribeirao Preto",
      "country":"BR",
      "lat":-21.1363887787,
      "lon":-47.7766685486
   },
   "RGN":{
      "city":"Yangon",
      "country":"MM",
      "lat":16.9073009491,
      "lon":96.1332015991
   },
   "RIC":{
      "city":"Richmond",
      "country":"US",
      "lat":37.5051994324,
      "lon":-77.3197021484
   },
   "RIX":{
      "city":"Riga",
      "country":"LV",
      "lat":56.9235992432,
      "lon":23.9710998535
   },
   "ROB":{
      "city":"Monrovia",
      "country":"LR",
      "lat":6.2337899208,
      "lon":-10.3622999191
   },
   "RUH":{
      "city":"Riyadh",
      "country":"SA",
      "lat":24.9575996399,
      "lon":46.6987991333
   },
   "RUN":{
      "city":"St Denis",
      "country":"RE",
      "lat":-20.8871002197,
      "lon":55.5102996826
   },
   "SAN":{
      "city":"San Diego",
      "country":"US",
      "lat":32.7336006165,
      "lon":-117.1900024414
   },
   "SCL":{
      "city":"Santiago",
      "country":"CL",
      "lat":-33.3930015564,
      "lon":-70.7857971191
   },
   "SDQ":{
      "city":"Santo Domingo",
      "country":"DO",
      "lat":18.4297008514,
      "lon":-69.6688995361
   },
   "SEA":{
      "city":"Seattle",
      "country":"US",
      "lat":47.4490013123,
      "lon":-122.3089981079
   },
   "SGN":{
      "city":"Ho Chi Minh City",
      "country":"VN",
      "lat":10.8187999725,
      "lon":106.652000427
   },
   "SHA":{
      "city":"Shanghai",
      "country":"CN",
      "lat":31.1979007721,
      "lon":121.3359985352
   },
   "SIN":{
      "city":"Singapore",
      "country":"SG",
      "lat":1.3501900434,
      "lon":103.9940032959
   },
   "SJC":{
      "city":"San Jose",
      "country":"US",
      "lat":37.3625984192,
      "lon":-121.9290008545
   },
   "SJO":{
      "city":"San Jose",
      "country":"CR",
      "lat":9.9938602448,
      "lon":-84.2088012695
   },
   "SJP":{
      "city":"Sao Jose Do Rio Preto",
      "country":"BR",
      "lat":-20.8166007996,
      "lon":-49.40650177
   },
   "SJW":{
      "city":"Shijiazhuang",
      "country":"CN",
      "lat":38.2807006836,
      "lon":114.6969985962
   },
   "SKG":{
      "city":"Thessaloniki",
      "country":"GR",
      "lat":40.5196990967,
      "lon":22.9708995819
   },
   "SLC":{
      "city":"Salt Lake City",
      "country":"US",
      "lat":40.7883987427,
      "lon":-111.9779968262
   },
   "SMF":{
      "city":"Sacramento",
      "country":"US",
      "lat":38.695400238,
      "lon":-121.591003418
   },
   "SOD":{
      "city":"Sorocaba",
      "country":"BR",
      "lat":-23.4780006409,
      "lon":-47.4900016785
   },
   "SOF":{
      "city":"Sofia",
      "country":"BG",
      "lat":42.6966934204,
      "lon":23.4114360809
   },
   "SSA":{
      "city":"Salvador",
      "country":"BR",
      "lat":-12.9086112976,
      "lon":-38.3224983215
   },
   "STL":{
      "city":"St Louis",
      "country":"US",
      "lat":38.7486991882,
      "lon":-90.3700027466
   },
   "SVX":{
      "city":"Yekaterinburg",
      "country":"RU",
      "lat":56.7430992126,
      "lon":60.8027000427
   },
   "SYD":{
      "city":"Sydney",
      "country":"AU",
      "lat":-33.9460983276,
      "lon":151.1770019531
   },
   "TAO":{
      "city":"Qingdao",
      "country":"CN",
      "lat":36.2661018372,
      "lon":120.374000549
   },
   "TAS":{
      "city":"Tashkent",
      "country":"UZ",
      "lat":41.257900238,
      "lon":69.2811965942
   },
   "TBS":{
      "city":"Tbilisi",
      "country":"GE",
      "lat":41.6692008972,
      "lon":44.95470047
   },
   "TGU":{
      "city":"Tegucigalpa",
      "country":"HN",
      "lat":14.0608997345,
      "lon":-87.2172012329
   },
   "TIA":{
      "city":"Tirana",
      "country":"AL",
      "lat":41.4146995544,
      "lon":19.7206001282
   },
   "TLH":{
      "city":"Tallahassee",
      "country":"US",
      "lat":30.3964996338,
      "lon":-84.3503036499
   },
   "TLL":{
      "city":"Tallinn",
      "country":"EE",
      "lat":59.4132995605,
      "lon":24.8327999115
   },
   "TLV":{
      "city":"Tel Aviv",
      "country":"IL",
      "lat":32.0113983154,
      "lon":34.8866996765
   },
   "TNA":{
      "city":"Jinan",
      "country":"CN",
      "lat":36.8572006226,
      "lon":117.216003418
   },
   "TNR":{
      "city":"Antananarivo",
      "country":"MG",
      "lat":-18.7968997955,
      "lon":47.4788017273
   },
   "TPA":{
      "city":"Tampa",
      "country":"US",
      "lat":27.9755001068,
      "lon":-82.533203125
   },
   "TPE":{
      "city":"Taipei",
      "country":"TW",
      "lat":25.0776996613,
      "lon":121.233001709
   },
   "TSN":{
      "city":"Tianjin",
      "country":"CN",
      "lat":39.1244010925,
      "lon":117.346000671
   },
   "TUN":{
      "city":"Tunis",
      "country":"TN",
      "lat":36.8510017395,
      "lon":10.2271995544
   },
   "TXL":{
      "city":"Berlin",
      "country":"DE",
      "lat":52.5597000122,
      "lon":13.2876996994
   },
   "UDI":{
      "city":"Uberlandia",
      "country":"BR",
      "lat":-18.8836116791,
      "lon":-48.225276947
   },
   "UIO":{
      "city":"Quito",
      "country":"EC",
      "lat":-0.1291666667,
      "lon":-78.3575
   },
   "ULN":{
      "city":"Ulan Bator",
      "country":"MN",
      "lat":47.8431015015,
      "lon":106.766998291
   },
   "URT":{
      "city":"Surat Thani",
      "country":"TH",
      "lat":9.1325998306,
      "lon":99.135597229
   },
   "VCP":{
      "city":"Campinas",
      "country":"BR",
      "lat":-23.0074005127,
      "lon":-47.1344985962
   },
   "VIE":{
      "city":"Vienna",
      "country":"AT",
      "lat":48.1102981567,
      "lon":16.5697002411
   },
   "VNO":{
      "city":"Vilnius",
      "country":"LT",
      "lat":54.6341018677,
      "lon":25.2858009338
   },
   "VTE":{
      "city":"Vientiane",
      "country":"LA",
      "lat":17.9883003235,
      "lon":102.56300354
   },
   "WAW":{
      "city":"Warsaw",
      "country":"PL",
      "lat":52.1656990051,
      "lon":20.9671001434
   },
   "WUH":{
      "city":"Wuhan",
      "country":"CN",
      "lat":30.7838001251,
      "lon":114.2080001831
   },
   "WUX":{
      "city":"Wuxi",
      "country":"CN",
      "lat":31.4944000244,
      "lon":120.429000854
   },
   "XIY":{
      "city":"Xianyang",
      "country":"CN",
      "lat":34.447101593,
      "lon":108.7519989014
   },
   "XNN":{
      "city":"Xining",
      "country":"CN",
      "lat":36.5275001526,
      "lon":102.0429992676
   },
   "YOW":{
      "city":"Ottawa",
      "country":"CA",
      "lat":45.3224983215,
      "lon":-75.6691970825
   },
   "YTY":{
      "city":"Yangzhou",
      "country":"CN",
      "lat":32.4174549,
      "lon":119.4894129
   },
   "YUL":{
      "city":"Montreal",
      "country":"CA",
      "lat":45.4706001282,
      "lon":-73.7407989502
   },
   "YVR":{
      "city":"Vancouver",
      "country":"CA",
      "lat":49.193901062,
      "lon":-123.1839981079
   },
   "YWG":{
      "city":"Winnipeg",
      "country":"CA",
      "lat":49.9099998474,
      "lon":-97.2398986816
   },
   "YXE":{
      "city":"Saskatoon",
      "country":"CA",
      "lat":52.1707992554,
      "lon":-106.6999969482
   },
   "YYC":{
      "city":"Calgary",
      "country":"CA",
      "lat":51.113899231,
      "lon":-114.0199966431
   },
   "YYZ":{
      "city":"Toronto",
      "country":"CA",
      "lat":43.6772003174,
      "lon":-79.6305999756
   },
   "ZAG":{
      "city":"Zagreb",
      "country":"HR",
      "lat":45.7429008484,
      "lon":16.0687999725
   },
   "ZDM":{
      "city":"Ramallah",
      "country":"",
      "lat":31.9073861,
      "lon":35.1883295
   },
   "ZGN":{
      "city":"Zhongshan",
      "country":"CN",
      "lat":22.5114137,
      "lon":113.2655999
   },
   "ZRH":{
      "city":"Zurich",
      "country":"CH",
      "lat":47.4646987915,
      "lon":8.5491695404
   }
}